{
  "format_version": "1.12",
  "minecraft:recipe_shaped": {
    "description": {
      "identifier": "minecraft:raiser_armor_trim_smithing_template_duplicate"
    },
    "tags": [ "crafting_table" ],
    "pattern": [
      "#S#",
      "#C#",
      "###"
    ],
    "key": {
      "S": {
        "item": "minecraft:raiser_armor_trim_smithing_template"
      },
      "#": {
        "item": "minecraft:diamond"
      },
      "C": {
        "item": "minecraft:hardened_clay"
      }
    },
    "result": {
      "item": "minecraft:raiser_armor_trim_smithing_template",
      "count": 2
    }
  }
}
